id,X,Y,Unique_Squirrel_ID,Shift,Date,Age,Primary_Fur_Color,Location,Specific_Location,Running,Chasing,Climbing,Eating,Foraging,Other_Activities,Kuks,Quaas,Moans,Tail_flags,Tail_twitches,Approaches,Indifferent,Runs_from
1,-73.956134493786095,40.794082388408597,37F-PM-1014-03,PM,2018-10-14,,,,,False,False,False,False,False,,False,False,False,False,False,False,False,False
2,-73.968857469110205,40.783782520844397,21B-AM-1019-04,AM,2018-10-19,,,,,False,False,False,False,False,,False,False,False,False,False,False,False,False
3,-73.974281148485204,40.775533619082999,11B-PM-1014-08,PM,2018-10-14,,Gray,Above Ground,,False,False,False,False,False,,False,False,False,False,False,False,False,False
4,-73.959641390394793,40.790312888902903,32E-PM-1017-14,PM,2018-10-17,Adult,Gray,,,False,False,False,False,False,,False,False,False,False,False,False,False,False
5,-73.970267647261295,40.776212685489398,13E-AM-1017-05,AM,2018-10-17,Adult,Gray,Above Ground,on tree stump,False,False,False,False,False,,False,False,False,False,False,False,False,False
6,-73.968361351622505,40.772590884749903,11H-AM-1010-03,AM,2018-10-10,Adult,Cinnamon,,,False,False,False,False,False,,False,False,False,False,False,False,False,False
7,-73.954120178979494,40.793181170108198,36H-AM-1010-02,AM,2018-10-10,Adult,Gray,Ground Plane,,False,False,False,False,False,,False,False,False,False,False,False,False,False
8,-73.958269431228899,40.791736782025502,33F-AM-1008-02,AM,2018-10-08,Adult,Gray,Ground Plane,,False,False,False,False,False,,False,False,False,False,False,False,False,False
9,-73.967428595529299,40.782972391974397,21C-PM-1006-01,PM,2018-10-06,Adult,Gray,Ground Plane,,False,False,False,False,False,,False,False,False,False,False,False,False,False
10,-73.972250019684395,40.774287959902601,11D-AM-1010-03,AM,2018-10-10,Adult,Gray,Above Ground,,False,False,False,False,False,grooming,False,False,False,False,False,False,False,False
11,-73.969506353533305,40.782350767818301,20B-PM-1013-05,PM,2018-10-13,Adult,Gray,Ground Plane,,False,False,False,False,False,,False,False,False,False,False,False,False,False
12,-73.964003282652897,40.782030982544804,22F-PM-1014-06,PM,2018-10-14,Adult,Gray,Ground Plane,,False,False,False,False,False,,False,False,False,False,False,False,False,False
13,-73.953217050486501,40.791966973996203,36I-PM-1007-01,PM,2018-10-07,Adult,Gray,Ground Plane,,False,False,False,False,False,,False,False,False,False,False,False,False,False
14,-73.976860363067402,40.770279590496202,5C-PM-1010-09,PM,2018-10-10,Adult,Cinnamon,Ground Plane,,False,False,False,False,False,,False,False,False,False,False,False,False,False
15,-73.970610589696705,40.769812482150698,7H-AM-1006-05,AM,2018-10-06,Adult,Gray,Above Ground,,False,False,False,False,False,,False,False,False,False,False,False,False,False
16,-73.970378172617202,40.778752613032097,16C-PM-1018-03,PM,2018-10-18,Adult,Gray,Above Ground,,False,False,False,False,False,,False,False,False,False,False,False,False,False
17,-73.970392521047103,40.776503200499199,14E-AM-1008-23,AM,2018-10-08,Adult,Gray,Ground Plane,,False,False,False,False,False,walking,False,False,False,False,False,False,False,False
18,-73.963817943974703,40.792417326390400,32A-PM-1013-03,PM,2018-10-13,Juvenile,Gray,Ground Plane,,False,False,False,False,False,,False,False,False,False,False,False,False,False
19,-73.958407097473398,40.791381249055704,33F-AM-1008-01,AM,2018-10-08,Adult,Gray,Ground Plane,,False,False,False,False,False,moving slowly,False,False,False,False,False,False,False,False
20,-73.967113068011400,40.778485970017101,17F-AM-1007-07,AM,2018-10-07,Adult,Gray,Above Ground,,False,False,False,False,False,,False,False,False,False,False,False,False,False
21,-73.964986601603798,40.776492969445698,16I-AM-1008-01,AM,2018-10-08,Adult,Cinnamon,Ground Plane,,False,False,False,False,False,,False,False,False,False,False,False,False,False
22,-73.967062855816096,40.773499142094103,12I-AM-1013-01,AM,2018-10-13,Adult,Cinnamon,Ground Plane,on tree roots,False,False,False,False,False,sitting,False,False,False,False,False,False,False,False
23,-73.958736593110999,40.790852437062597,32F-PM-1008-07,PM,2018-10-08,Adult,Gray,Ground Plane,,False,False,False,False,False,,False,False,False,False,False,False,False,False
24,-73.967178671525602,40.786735279123199,25A-AM-1013-04,AM,2018-10-13,,Gray,Ground Plane,,False,False,False,False,False,,False,False,False,False,False,False,False,False
25,-73.969294329161102,40.776953610248803,15E-AM-1013-01,AM,2018-10-13,Adult,Gray,Ground Plane,,False,False,False,False,False,,False,False,False,False,False,False,False,False
26,-73.954005410053895,40.795244599983597,39G-PM-1013-06,PM,2018-10-13,Adult,Gray,Ground Plane,,False,False,False,False,False,,False,False,False,False,False,False,False,False
27,-73.957653015725498,40.786865949039701,29I-PM-1007-01,PM,2018-10-07,,Gray,Ground Plane,,False,False,False,False,False,,False,False,False,False,False,False,False,False
28,-73.973803325747298,40.771184689416600,7E-AM-1006-02,AM,2018-10-06,Adult,Gray,Ground Plane,under a tree,False,False,False,False,False,,False,False,False,False,False,False,False,False
29,-73.970440268101697,40.779896562120300,17C-PM-1013-05,PM,2018-10-13,Adult,Gray,Ground Plane,,False,False,False,False,False,eating (ate upside down on a tree — #jealous),False,False,False,False,False,False,False,False
30,-73.975697607670696,40.775389733191801,10A-PM-1014-01,PM,2018-10-14,Adult,Gray,Ground Plane,in b/w trees,False,False,False,False,False,,False,False,False,False,False,False,False,False
31,-73.966243899668100,40.789038180944097,28A-PM-1007-05,PM,2018-10-07,Adult,Cinnamon,Ground Plane,,False,False,False,False,False,,False,False,False,False,False,False,False,False
32,-73.964315392042806,40.782081851695700,22F-PM-1014-05,PM,2018-10-14,Adult,Gray,Ground Plane,,False,False,False,False,False,,False,False,False,False,False,False,False,False
33,-73.974207345291305,40.775795738046298,12B-AM-1007-01,AM,2018-10-07,Adult,Gray,Ground Plane,,False,False,False,False,False,,False,False,False,False,False,False,False,False
34,-73.971614706155293,40.781391103617899,18A-PM-1018-01,PM,2018-10-18,Adult,Gray,Above Ground,,False,False,False,False,False,,False,False,False,False,False,False,False,False
35,-73.956570038616206,40.790256100093700,33H-AM-1019-02,AM,2018-10-19,Juvenile,Gray,Ground Plane,,False,False,False,False,False,wrestling with mother,False,False,False,False,False,False,False,False
36,-73.953541065707697,40.792871176006102,36H-PM-1008-02,PM,2018-10-08,Adult,Gray,Ground Plane,,False,False,False,False,False,,False,False,False,False,False,False,False,False
37,-73.963915929844603,40.789177463798801,29C-AM-1007-06,AM,2018-10-07,Adult,Gray,Ground Plane,,False,False,False,False,False,,False,False,False,False,False,False,False,False
38,-73.957956433862705,40.795933779502697,38C-PM-1014-09,PM,2018-10-14,Adult,Black,Ground Plane,,False,False,False,False,False,,False,False,False,False,False,False,False,False
39,-73.957464809754299,40.789250842862202,31H-PM-1008-02,PM,2018-10-08,Juvenile,Gray,Above Ground,,False,False,False,False,False,,False,False,False,False,False,False,False,False
40,-73.970252675330997,40.770599958822203,8H-AM-1017-06,AM,2018-10-17,Adult,Gray,Above Ground,,False,False,False,False,False,,False,False,False,False,False,False,False,False
41,-73.957964594041400,40.791861349840701,34F-AM-1007-01,AM,2018-10-07,Adult,Gray,Above Ground,,False,False,False,False,False,,False,False,False,False,False,False,False,False
42,-73.967325341730501,40.774950525298102,13H-PM-1010-02,PM,2018-10-10,Adult,Gray,Above Ground,tree,False,False,False,False,False,,False,False,False,False,False,False,False,False
43,-73.959593319540900,40.790584733236898,32E-AM-1007-13,AM,2018-10-07,Adult,Gray,Above Ground,,False,False,False,False,False,,False,False,False,False,False,False,False,False
44,-73.960222211670796,40.793779699421002,35C-AM-1007-05,AM,2018-10-07,Adult,Gray,Above Ground,,False,False,False,False,False,,False,False,False,False,False,False,False,False
45,-73.960260992081402,40.794288304556602,35C-PM-1013-03,PM,2018-10-13,,Gray,Ground Plane,,False,False,False,False,False,,False,False,False,False,False,False,False,False
46,-73.968063507094897,40.779249873646997,17E-AM-1017-05,AM,2018-10-17,Adult,Black,Above Ground,Branch,False,False,False,False,False,,False,False,False,False,False,False,False,False
47,-73.980166643540102,40.768690533921202,2B-PM-1013-01,PM,2018-10-13,Adult,Gray,Ground Plane,,False,False,False,False,False,running (with nut),False,False,False,False,False,False,False,False
48,-73.967563432687697,40.781347735250698,19D-AM-1007-01,AM,2018-10-07,Juvenile,Gray,Ground Plane,,False,False,False,False,False,,False,False,False,False,False,False,False,False
49,-73.958497064321307,40.798288634869600,40B-AM-1019-03,AM,2018-10-19,Juvenile,Gray,Ground Plane,,False,False,False,False,False,,False,False,False,False,False,False,False,False
50,-73.976029824117802,40.768195436691101,3E-PM-1008-07,PM,2018-10-08,Adult,Gray,Ground Plane,,False,False,False,False,False,,False,False,False,False,False,False,False,False
51,-73.956880214981794,40.797239913381603,39C-PM-1006-01,PM,2018-10-06,Adult,Gray,Ground Plane,,False,False,False,False,False,,False,False,False,False,False,False,False,False
52,-73.972464243639394,40.769052644110900,6G-AM-1008-02,AM,2018-10-08,Juvenile,Gray,Ground Plane,bush,False,False,False,False,False,,False,False,False,False,False,False,False,False
53,-73.969017583853400,40.776043272001701,14F-AM-1007-05,AM,2018-10-07,Juvenile,Gray,Ground Plane,,False,False,False,False,False,,False,False,False,False,False,False,False,False
54,-73.970408282135594,40.769028098595598,6I-PM-1013-06,PM,2018-10-13,Adult,Gray,Ground Plane,,False,False,False,False,False,playing with #5,False,False,False,False,False,False,False,False
55,-73.968491071227206,40.776881164002099,15F-PM-1010-05,PM,2018-10-10,Adult,Gray,Ground Plane,,False,False,False,False,False,,False,False,False,False,False,False,False,False
56,-73.976867481294207,40.773523264887203,8B-PM-1012-02,PM,2018-10-12,Adult,Gray,Ground Plane,hiding in bushes,False,False,False,False,False,,False,False,False,False,False,False,False,False
57,-73.979708486661295,40.769888524134899,3A-PM-1017-06,PM,2018-10-17,Adult,Gray,Ground Plane,,False,False,False,False,False,,False,False,False,False,False,False,False,False
58,-73.952819267977006,40.792313040279303,36I-AM-1017-02,AM,2018-10-17,Adult,Gray,Ground Plane,,False,False,False,False,False,,False,False,False,False,False,False,False,False
59,-73.974563003849198,40.769260262874496,5E-AM-1008-06,AM,2018-10-08,Adult,Cinnamon,Ground Plane,,False,False,False,False,False,,False,False,False,False,False,False,False,False
60,-73.959500233950806,40.790336578869400,32E-PM-1017-13,PM,2018-10-17,Adult,Gray,,,False,False,False,False,False,,False,False,False,False,False,False,False,False
61,-73.974182499229400,40.768948665796302,5F-PM-1007-03,PM,2018-10-07,Adult,Gray,Ground Plane,,False,False,False,False,False,hiding nut,False,False,False,False,False,False,False,False
62,-73.974924390118900,40.776139355178103,11B-PM-1014-05,PM,2018-10-14,Adult,Gray,Ground Plane,,False,False,False,False,False,,False,False,False,False,False,False,False,False
63,-73.968381325558994,40.778014344377901,16E-PM-1018-06,PM,2018-10-18,Adult,Cinnamon,Ground Plane,On a rock,False,False,False,False,False,,False,False,False,False,False,False,False,False
64,-73.969424032750894,40.775589812667398,13F-AM-1007-02,AM,2018-10-07,Adult,Cinnamon,,,False,False,False,False,False,,False,False,False,False,False,False,False,False
125,-73.974622909464301,40.774846706196897,10B-PM-1014-05,PM,2018-10-14,Adult,Gray,Ground Plane,,False,False,False,False,False,,False,False,False,False,False,False,False,False
65,-73.968900097895499,40.782836473523602,20B-PM-1013-10,PM,2018-10-13,Adult,Gray,Ground Plane,,False,False,False,False,False,drank from a pond of rain water,False,False,False,False,False,False,False,False
66,-73.980452886754705,40.769675365598602,3A-PM-1017-05,PM,2018-10-17,Adult,Gray,Ground Plane,,False,False,False,False,False,,False,False,False,False,False,False,False,False
67,-73.957624599245506,40.787386251000100,29H-PM-1006-01,PM,2018-10-06,Adult,Gray,Above Ground,,False,False,False,False,False,sitting,False,False,False,False,False,False,False,False
68,-73.966600793563799,40.784509813156703,23C-PM-1014-03,PM,2018-10-14,Adult,Gray,Above Ground,,False,False,False,False,False,chasing (#4 across trees),False,False,False,False,False,False,False,False
69,-73.961484836089994,40.792264552190503,33C-PM-1007-03,PM,2018-10-07,Adult,Gray,Ground Plane,,False,False,False,False,False,,False,False,False,False,False,False,False,False
70,-73.954665418414606,40.794763924149102,38G-PM-1020-09,PM,2018-10-20,Adult,Gray,Ground Plane,,False,False,False,False,False,,False,False,False,False,False,False,False,False
71,-73.966711402721401,40.776880470247299,16G-PM-1017-01,PM,2018-10-17,Adult,Gray,Ground Plane,,False,False,False,False,False,,False,False,False,False,False,False,False,False
72,-73.953003556464296,40.792182245761303,36I-PM-1007-07,PM,2018-10-07,Adult,Gray,Ground Plane,,False,False,False,False,False,,False,False,False,False,False,False,False,False
73,-73.961569657767299,40.795127862239902,35A-AM-1014-03,AM,2018-10-14,Adult,Gray,Ground Plane,,False,False,False,False,False,,False,False,False,False,False,False,False,False
74,-73.964474836001003,40.788384010474900,28C-PM-1006-01,PM,2018-10-06,Adult,Gray,Ground Plane,,False,False,False,False,False,gathering acorns,False,False,False,False,False,False,False,False
75,-73.961070559286796,40.791482966105100,32D-AM-1013-06,AM,2018-10-13,Adult,Cinnamon,Ground Plane,,False,False,False,False,False,"eating (a mushroom),circles around us,really fat,scratching himself,grooming activity",False,False,False,False,False,False,False,False
76,-73.968845448358493,40.784530128816300,22A-AM-1008-05,AM,2018-10-08,Adult,Gray,Above Ground,trash can,False,False,False,False,False,,False,False,False,False,False,False,False,False
77,-73.957823716835904,40.798095947103398,40B-PM-1014-06,PM,2018-10-14,Adult,Gray,Ground Plane,,False,False,False,False,False,,False,False,False,False,False,False,False,False
78,-73.968827120240107,40.780971944530897,19C-PM-1018-01,PM,2018-10-18,Adult,Gray,Ground Plane,,False,False,False,False,False,,False,False,False,False,False,False,False,False
79,-73.961708874992794,40.794458508236701,35A-PM-1013-06,PM,2018-10-13,Adult,Cinnamon,Ground Plane,,False,False,False,False,False,,False,False,False,False,False,False,False,False
80,-73.970182482587205,40.776653057929302,14E-AM-1008-09,AM,2018-10-08,Adult,Gray,Ground Plane,,False,False,False,False,False,,False,False,False,False,False,False,False,False
81,-73.967641049748096,40.776604351297401,15G-PM-1019-05,PM,2018-10-19,Adult,Gray,Above Ground,,False,False,False,False,False,,False,False,False,False,False,False,False,False
82,-73.970872605072103,40.772357203023603,10F-AM-1007-02,AM,2018-10-07,Adult,Gray,Above Ground,,False,False,False,False,False,,False,False,False,False,False,False,False,False
83,-73.954145346581697,40.798216222376404,42E-PM-1012-06,PM,2018-10-12,Adult,Cinnamon,Ground Plane,,False,False,False,False,False,,False,False,False,False,False,False,False,False
84,-73.968360829597600,40.784292740532699,22B-AM-1013-04,AM,2018-10-13,Adult,Cinnamon,Ground Plane,Under bench,False,False,False,False,False,,False,False,False,False,False,False,False,False
85,-73.968052057988999,40.777338666528003,15F-PM-1010-06,PM,2018-10-10,Adult,Gray,Ground Plane,,False,False,False,False,False,,False,False,False,False,False,False,False,False
86,-73.978718087073602,40.771587786327402,5A-AM-1006-05,AM,2018-10-06,Adult,Gray,Ground Plane,near 65th St arch,False,False,False,False,False,,False,False,False,False,False,False,False,False
87,-73.956590586827602,40.789565406854599,32H-PM-1006-01,PM,2018-10-06,,Gray,Above Ground,in the European Beech,False,False,False,False,False,,False,False,False,False,False,False,False,False
88,-73.956575973361097,40.799246167480199,42C-AM-1007-02,AM,2018-10-07,,,,,False,False,False,False,False,,False,False,False,False,False,False,False,False
89,-73.955153949830603,40.798738465625597,41D-AM-1014-01,AM,2018-10-14,Adult,Gray,Ground Plane,,False,False,False,False,False,digging,False,False,False,False,False,False,False,False
90,-73.964197181396699,40.781353795943502,21G-PM-1007-01,PM,2018-10-07,Adult,Gray,Ground Plane,,False,False,False,False,False,,False,False,False,False,False,False,False,False
91,-73.969288397092797,40.776855370308198,14E-AM-1008-02,AM,2018-10-08,Adult,Gray,Ground Plane,,False,False,False,False,False,walking,False,False,False,False,False,False,False,False
92,-73.970854967078793,40.769958701905800,7H-PM-1006-04,PM,2018-10-06,Adult,Gray,Above Ground,on tree knob,False,False,False,False,False,sitting,False,False,False,False,False,False,False,False
93,-73.963974400564695,40.782511195076403,22F-AM-1007-01,AM,2018-10-07,Adult,Gray,Ground Plane,,False,False,False,False,False,,False,False,False,False,False,False,False,False
94,-73.973027791142201,40.771214548882803,7F-AM-1008-16,AM,2018-10-08,Juvenile,Gray,Above Ground,tree,False,False,False,False,False,,False,False,False,False,False,False,False,False
95,-73.971054140570800,40.772469160571802,10F-PM-1019-05,PM,2018-10-19,Adult,Black,Above Ground,"Behind fence, tree",False,False,False,False,False,,False,False,False,False,False,False,False,False
96,-73.976159253248198,40.774721358538699,10A-AM-1006-04,AM,2018-10-06,Juvenile,Gray,Above Ground,tree near large rock on Bridle Path,False,False,False,False,False,walking on branch,False,False,False,False,False,False,False,False
97,-73.954400765868499,40.795068972313501,38F-PM-1013-05,PM,2018-10-13,Juvenile,Gray,Ground Plane,,False,False,False,False,False,"being chased,was pushed by other squirrel",False,False,False,False,False,False,False,False
98,-73.957598616136394,40.799368134967999,41B-PM-1014-01,PM,2018-10-14,Adult,Gray,Above Ground,Climbing tree,False,False,False,False,False,climbing (tree),False,False,False,False,False,False,False,False
99,-73.960770137044307,40.795541899085499,36A-PM-1013-07,PM,2018-10-13,,Gray,Ground Plane,"""FIELD""",False,False,False,False,False,chasing #8,False,False,False,False,False,False,False,False
100,-73.976403652298401,40.770584618512103,5C-AM-1006-05,AM,2018-10-06,Adult,Gray,Ground Plane,,False,False,False,False,False,,False,False,False,False,False,False,False,False
101,-73.958924955523500,40.790819328498102,32E-PM-1017-03,PM,2018-10-17,Adult,Gray,Above Ground,bottom of tree,False,False,False,False,False,still,False,False,False,False,False,False,False,False
102,-73.963462341876095,40.791768540448203,31A-PM-1017-04,PM,2018-10-17,Adult,Gray,Ground Plane,,False,False,False,False,False,,False,False,False,False,False,False,False,False
103,-73.952111015487205,40.797844914331300,42G-AM-1018-03,AM,2018-10-18,Adult,Gray,Ground Plane,,False,False,False,False,False,stop to look at me—then ran,False,False,False,False,False,False,False,False
104,-73.957480902824798,40.795001362020699,37D-PM-1014-04,PM,2018-10-14,Adult,Gray,Ground Plane,,False,False,False,False,False,chasing (a chipmunk),False,False,False,False,False,False,False,False
105,-73.957043771769094,40.794850940803897,37E-PM-1006-03,PM,2018-10-06,Adult,Gray,Ground Plane,,False,False,False,False,False,,False,False,False,False,False,False,False,False
106,-73.967097592707006,40.785411934253801,24B-AM-1013-01,AM,2018-10-13,,Gray,Above Ground,,False,False,False,False,False,took nut to bury,False,False,False,False,False,False,False,False
107,-73.971131879027894,40.770194155027298,7G-AM-1010-02,AM,2018-10-10,Adult,Gray,Above Ground,,False,False,False,False,False,,False,False,False,False,False,False,False,False
108,-73.976324338377097,40.770540931570302,5C-PM-1010-13,PM,2018-10-10,Adult,Gray,Above Ground,way up a tree!,False,False,False,False,False,,False,False,False,False,False,False,False,False
109,-73.965175446443894,40.775518194155900,15I-AM-1008-01,AM,2018-10-08,Adult,Gray,Above Ground,tree,False,False,False,False,False,,False,False,False,False,False,False,False,False
110,-73.970010061760206,40.781573995935702,19B-PM-1018-01,PM,2018-10-18,Adult,Gray,Above Ground,,False,False,False,False,False,flying,False,False,False,False,False,False,False,False
111,-73.971905618213995,40.776238547063002,13D-PM-1018-10,PM,2018-10-18,Adult,Gray,Ground Plane,,False,False,False,False,False,,False,False,False,False,False,False,False,False
112,-73.953004092355499,40.792289617693598,36I-PM-1007-10,PM,2018-10-07,Juvenile,Gray,Ground Plane,,False,False,False,False,False,stole (found?) an entire sandwich,False,False,False,False,False,False,False,False
113,-73.957209376052901,40.798848730021597,41B-AM-1010-06,AM,2018-10-10,Adult,Gray,Above Ground,,False,False,False,False,False,,False,False,False,False,False,False,False,False
114,-73.960774633797897,40.793958106938199,35B-AM-1010-01,AM,2018-10-10,Adult,Gray,Ground Plane,lawn,False,False,False,False,False,walking w/ something in mouth,False,False,False,False,False,False,False,False
115,-73.956634604645302,40.797392339651203,40D-PM-1013-01,PM,2018-10-13,Adult,Gray,Ground Plane,,False,False,False,False,False,,False,False,False,False,False,False,False,False
116,-73.959203888767306,40.796382675377998,38B-PM-1018-02,PM,2018-10-18,Adult,Gray,Ground Plane,,False,False,False,False,False,burying nut,False,False,False,False,False,False,False,False
117,-73.951111871110797,40.795081334590201,40I-AM-1018-01,AM,2018-10-18,Adult,Cinnamon,Ground Plane,,False,False,False,False,False,begging,False,False,False,False,False,False,False,False
118,-73.976993979638195,40.772953757303497,7B-AM-1008-10,AM,2018-10-08,Adult,Gray,Ground Plane,,False,False,False,False,False,,False,False,False,False,False,False,False,False
119,-73.971252780951602,40.776331039259098,13D-AM-1014-08,AM,2018-10-14,Adult,Gray,Ground Plane,,False,False,False,False,False,,False,False,False,False,False,False,False,False
120,-73.967114709008698,40.777262464111203,16G-AM-1010-03,AM,2018-10-10,Adult,Gray,Ground Plane,,False,False,False,False,False,was hanging out w/ #2 until i showed up,False,False,False,False,False,False,False,False
121,-73.958866025023198,40.798259794751502,40A-AM-1010-03,AM,2018-10-10,Adult,Gray,Ground Plane,bottom of great hill,False,False,False,False,False,,False,False,False,False,False,False,False,False
122,-73.965160154179500,40.776184178802502,15I-PM-1012-07,PM,2018-10-12,Adult,Cinnamon,Ground Plane,,False,False,False,False,False,,False,False,False,False,False,False,False,False
123,-73.979215547368895,40.769371179994600,3B-PM-1007-11,PM,2018-10-07,Adult,Gray,Above Ground,in tree,False,False,False,False,False,,False,False,False,False,False,False,False,False
124,-73.966410050443599,40.782877889227599,21D-AM-1008-02,AM,2018-10-08,Adult,Gray,Ground Plane,,False,False,False,False,False,,False,False,False,False,False,False,False,False
126,-73.970509295889201,40.776109297296500,13E-PM-1008-07,PM,2018-10-08,Adult,Gray,Ground Plane,,False,False,False,False,False,,False,False,False,False,False,False,False,False
127,-73.958165594943694,40.799770819002198,41A-PM-1007-06,PM,2018-10-07,Adult,Black,Ground Plane,,False,False,False,False,False,,False,False,False,False,False,False,False,False
128,-73.975556078622702,40.766299231757500,2F-AM-1006-05,AM,2018-10-06,Adult,Gray,Ground Plane,,False,False,False,False,False,,False,False,False,False,False,False,False,False
129,-73.969643353398595,40.782820808380400,20B-AM-1007-01,AM,2018-10-07,Adult,Gray,Ground Plane,,False,False,False,False,False,quietly,False,False,False,False,False,False,False,False
130,-73.966471160702199,40.787896428768001,26A-PM-1006-06,PM,2018-10-06,Adult,Gray,Ground Plane,Tree 90th left 90th & 89,False,False,False,False,False,,False,False,False,False,False,False,False,False
131,-73.957594381556405,40.793375526678702,35E-PM-1006-07,PM,2018-10-06,Adult,Gray,Ground Plane,,False,False,False,False,False,,False,False,False,False,False,False,False,False
132,-73.969416811864306,40.772887737797703,11G-PM-1013-01,PM,2018-10-13,Adult,Gray,Above Ground,In the Woods/Brush,False,False,False,False,False,,False,False,False,False,False,False,False,False
133,-73.952868250779403,40.792580780830697,36I-PM-1007-13,PM,2018-10-07,Adult,Gray,Ground Plane,,False,False,False,False,False,,False,False,False,False,False,False,False,False
134,-73.978241711513903,40.772466503644701,7A-AM-1006-01,AM,2018-10-06,Adult,Gray,Above Ground,in tree,False,False,False,False,False,,False,False,False,False,False,False,False,False
135,-73.972144293979696,40.770075080231699,7G-PM-1018-03,PM,2018-10-18,Adult,Gray,Ground Plane,,False,False,False,False,False,,False,False,False,False,False,False,False,False
136,-73.969847380865005,40.776988461230502,14E-AM-1008-05,AM,2018-10-08,Adult,Gray,Above Ground,,False,False,False,False,False,nest building,False,False,False,False,False,False,False,False
137,-73.976865278566393,40.768483816820698,3D-PM-1010-03,PM,2018-10-10,Adult,Cinnamon,Ground Plane,,False,False,False,False,False,,False,False,False,False,False,False,False,False
138,-73.959099284142297,40.793758098573001,35D-PM-1013-09,PM,2018-10-13,Adult,Gray,Ground Plane,,False,False,False,False,False,,False,False,False,False,False,False,False,False
139,-73.972406398677094,40.770571189797700,7F-PM-1012-01,PM,2018-10-12,Adult,Gray,Ground Plane,,False,False,False,False,False,,False,False,False,False,False,False,False,False
140,-73.966136131067699,40.778787256117702,18G-PM-1013-01,PM,2018-10-13,Adult,Gray,Ground Plane,,False,False,False,False,False,burying,False,False,False,False,False,False,False,False
141,-73.973075060121204,40.770130421194402,6F-PM-1008-01,PM,2018-10-08,Adult,Gray,Above Ground,,False,False,False,False,False,,False,False,False,False,False,False,False,False
142,-73.971970670613999,40.772086812454397,9F-AM-1013-04,AM,2018-10-13,Adult,Gray,Ground Plane,,False,False,False,False,False,,False,False,False,False,False,False,False,False
143,-73.956211745510004,40.795104437820697,38E-AM-1010-09,AM,2018-10-10,Adult,Gray,Ground Plane,,False,False,False,False,False,,False,False,False,False,False,False,False,False
144,-73.956402362661905,40.790542354615503,33G-AM-1013-02,AM,2018-10-13,Adult,Gray,Above Ground,shelter in hole in tree,False,False,False,False,False,,False,False,False,False,False,False,False,False
145,-73.953262012830706,40.795247554804803,39G-AM-1018-01,AM,2018-10-18,Adult,Gray,Ground Plane,,False,False,False,False,False,dead (something ran over it),False,False,False,False,False,False,False,False
146,-73.957634932135704,40.790440991243699,32G-PM-1013-03,PM,2018-10-13,Juvenile,Gray,Ground Plane,,False,False,False,False,False,,False,False,False,False,False,False,False,False
147,-73.976343082934207,40.768635109715902,4D-PM-1008-11,PM,2018-10-08,Adult,Cinnamon,Above Ground,on tree facing downward,False,False,False,False,False,chased #12,False,False,False,False,False,False,False,False
148,-73.971478913675696,40.769488664519400,6H-AM-1008-01,AM,2018-10-08,Adult,Cinnamon,Ground Plane,,False,False,False,False,False,,False,False,False,False,False,False,False,False
149,-73.975513371066498,40.769788343598101,5E-AM-1008-08,AM,2018-10-08,Adult,Gray,Ground Plane,,False,False,False,False,False,,False,False,False,False,False,False,False,False
150,-73.970234898280296,40.777329541910397,15D-PM-1017-01,PM,2018-10-17,Adult,Gray,Ground Plane,,False,False,False,False,False,,False,False,False,False,False,False,False,False
151,-73.968605608529700,40.778165842486601,16E-AM-1014-03,AM,2018-10-14,Adult,Gray,Ground Plane,,False,False,False,False,False,,False,False,False,False,False,False,False,False
152,-73.952214236038799,40.794959848668299,39H-PM-1013-02,PM,2018-10-13,Juvenile,Gray,Ground Plane,,False,False,False,False,False,,False,False,False,False,False,False,False,False
153,-73.957658999749299,40.797275187744702,39C-PM-1006-02,PM,2018-10-06,Adult,Gray,Above Ground,,False,False,False,False,False,,False,False,False,False,False,False,False,False
154,-73.963794687873502,40.791570044687802,31A-AM-1010-04,AM,2018-10-10,Adult,Gray,Ground Plane,,False,False,False,False,False,,False,False,False,False,False,False,False,False
155,-73.971099112399202,40.772388972664700,9F-PM-1014-02,PM,2018-10-14,Adult,Gray,Ground Plane,,False,False,False,False,False,,False,False,False,False,False,False,False,False
156,-73.963827033133597,40.781045006523499,21G-PM-1007-02,PM,2018-10-07,Adult,Gray,Ground Plane,,False,False,False,False,False,,False,False,False,False,False,False,False,False
157,-73.975601500582101,40.767009032773601,2F-AM-1006-01,AM,2018-10-06,Adult,Gray,Ground Plane,walking along path,False,False,False,False,False,,False,False,False,False,False,False,False,False
158,-73.964963255082793,40.780918776199499,20F-PM-1007-01,PM,2018-10-07,Adult,Gray,Ground Plane,,False,False,False,False,False,,False,False,False,False,False,False,False,False
159,-73.957219204335004,40.793152905977898,35E-PM-1006-01,PM,2018-10-06,Adult,Gray,Ground Plane,,False,False,False,False,False,,False,False,False,False,False,False,False,False
160,-73.971230886439400,40.771453484737897,9G-AM-1007-04,AM,2018-10-07,Adult,Gray,Above Ground,,False,False,False,False,False,grooming,False,False,False,False,False,False,False,False
161,-73.975867614425496,40.770167158193900,5D-PM-1018-03,PM,2018-10-18,Adult,Gray,Ground Plane,,False,False,False,False,False,,False,False,False,False,False,False,False,False
162,-73.969058856545004,40.776635622697903,14F-PM-1012-06,PM,2018-10-12,Adult,Cinnamon,Ground Plane,,False,False,False,False,False,,False,False,False,False,False,False,False,False
163,-73.963846339803993,40.783405171622597,23F-AM-1018-01,AM,2018-10-18,Adult,Cinnamon,Above Ground,,False,False,False,False,False,,False,False,False,False,False,False,False,False
164,-73.959764277842694,40.797636800391501,39A-PM-1014-02,PM,2018-10-14,Adult,Gray,Ground Plane,,False,False,False,False,False,,False,False,False,False,False,False,False,False
165,-73.974569135301806,40.777103558929802,13A-PM-1014-03,PM,2018-10-14,Adult,Gray,Above Ground,,False,False,False,False,False,,False,False,False,False,False,False,False,False
166,-73.974870641558397,40.774417496507198,10B-AM-1006-02,AM,2018-10-06,Juvenile,Gray,Above Ground,High in a tree,False,False,False,False,False,,False,False,False,False,False,False,False,False
167,-73.959720596632394,40.796940951013298,38B-AM-1019-01,AM,2018-10-19,Adult,Gray,Ground Plane,,False,False,False,False,False,,False,False,False,False,False,False,False,False
168,-73.971086588090998,40.771970323517799,9G-PM-1007-06,PM,2018-10-07,Adult,Gray,Ground Plane,,False,False,False,False,False,,False,False,False,False,False,False,False,False
169,-73.958535640774002,40.798273789699799,40B-AM-1019-02,AM,2018-10-19,Juvenile,Gray,Ground Plane,,False,False,False,False,False,,False,False,False,False,False,False,False,False
170,-73.958770180151006,40.793412394152803,35D-PM-1013-04,PM,2018-10-13,Juvenile,Gray,,,False,False,False,False,False,,False,False,False,False,False,False,False,False
171,-73.970727405575502,40.772388908037698,10G-PM-1017-10,PM,2018-10-17,Adult,Gray,Ground Plane,,False,False,False,False,False,playing (with #9),False,False,False,False,False,False,False,False
172,-73.972006506661799,40.776404378292398,13C-AM-1010-04,AM,2018-10-10,Adult,Gray,Ground Plane,,False,False,False,False,False,,False,False,False,False,False,False,False,False
173,-73.961806463915295,40.792158440043004,32C-PM-1013-12,PM,2018-10-13,Adult,Gray,Ground Plane,,False,False,False,False,False,,False,False,False,False,False,False,False,False
174,-73.955443239329497,40.794566905444903,37F-PM-1014-01,PM,2018-10-14,,Gray,Ground Plane,,False,False,False,False,False,,False,False,False,False,False,False,False,False
175,-73.961378052254204,40.790786197110997,31D-PM-1006-04,PM,2018-10-06,Adult,Gray,Above Ground,,False,False,False,False,False,,False,False,False,False,False,False,False,False
176,-73.964690143232801,40.775995869679001,15I-PM-1012-03,PM,2018-10-12,Adult,Gray,Ground Plane,,False,False,False,False,False,,False,False,False,False,False,False,False,False
177,-73.969082832517898,40.781803817227498,19C-PM-1018-04,PM,2018-10-18,Adult,Gray,Ground Plane,,False,False,False,False,False,,False,False,False,False,False,False,False,False
178,-73.970877586443294,40.772473633537999,10F-PM-1019-12,PM,2018-10-19,Adult,Black,Ground Plane,,False,False,False,False,False,,False,False,False,False,False,False,False,False
179,-73.969105065601298,40.780813953822197,18C-PM-1018-01,PM,2018-10-18,,Black,Ground Plane,,False,False,False,False,False,,False,False,False,False,False,False,False,False
180,-73.976843463508402,40.772849403874403,7B-AM-1008-11,AM,2018-10-08,Adult,Gray,Ground Plane,,False,False,False,False,False,,False,False,False,False,False,False,False,False
181,-73.955381181043407,40.797089500793099,40E-AM-1014-02,AM,2018-10-14,Adult,Gray,Ground Plane,,False,False,False,False,False,,False,False,False,False,False,False,False,False
182,-73.958846841309395,40.796385229901198,38B-AM-1019-05,AM,2018-10-19,Adult,Gray,Above Ground,,False,False,False,False,False,sitting still,False,False,False,False,False,False,False,False
183,-73.978813817296199,40.769300175476900,3B-AM-1010-09,AM,2018-10-10,Juvenile,Gray,Ground Plane,,False,False,False,False,False,,False,False,False,False,False,False,False,False
184,-73.970016203407297,40.781527747958798,19B-AM-1019-02,AM,2018-10-19,Juvenile,Gray,Ground Plane,,False,False,False,False,False,posing,False,False,False,False,False,False,False,False
185,-73.957052877042699,40.799097380414899,41B-AM-1010-07,AM,2018-10-10,Adult,Cinnamon,Above Ground,,False,False,False,False,False,,False,False,False,False,False,False,False,False
186,-73.973548953792800,40.768125791152301,4G-AM-1006-02,AM,2018-10-06,,Gray,Above Ground,tree,False,False,False,False,False,sitting in tree,False,False,False,False,False,False,False,False
187,-73.969550796515506,40.774307042343501,12F-PM-1007-04,PM,2018-10-07,Adult,Gray,Ground Plane,,False,False,False,False,False,,False,False,False,False,False,False,False,False
188,-73.978710506965697,40.769370813387297,3B-AM-1010-08,AM,2018-10-10,Juvenile,Gray,Above Ground,,False,False,False,False,False,together w/ #7,False,False,False,False,False,False,False,False
189,-73.965165488799101,40.777780600695102,17H-PM-1007-02,PM,2018-10-07,Adult,Gray,Ground Plane,,False,False,False,False,False,,False,False,False,False,False,False,False,False
190,-73.953769129875198,40.794127259979703,38G-PM-1020-01,PM,2018-10-20,Adult,Gray,Ground Plane,,False,False,False,False,False,,False,False,False,False,False,False,False,False
191,-73.976483997306801,40.769172532697603,4D-PM-1008-06,PM,2018-10-08,Adult,Cinnamon,Ground Plane,,False,False,False,False,False,,False,False,False,False,False,False,False,False
192,-73.973777361331102,40.767366261101500,3G-PM-1013-01,PM,2018-10-13,Adult,Gray,Ground Plane,,False,False,False,False,False,,False,False,False,False,False,False,False,False
193,-73.965796978968996,40.776040284284498,15H-PM-1008-03,PM,2018-10-08,Adult,Gray,Ground Plane,lawn moving east over Park path,False,False,False,False,False,not sure walk-pause-walk,False,False,False,False,False,False,False,False
194,-73.967933634179303,40.775418657964700,14G-PM-1013-01,PM,2018-10-13,Adult,Gray,Ground Plane,,False,False,False,False,False,,False,False,False,False,False,False,False,False
195,-73.976110706535295,40.769642060286003,5D-AM-1020-01,AM,2018-10-20,Adult,,Above Ground,,False,False,False,False,False,,False,False,False,False,False,False,False,False
196,-73.977161468661606,40.770967798324698,5C-AM-1006-02,AM,2018-10-06,Adult,Cinnamon,Above Ground,,False,False,False,False,False,,False,False,False,False,False,False,False,False
197,-73.951074758630099,40.797310683395096,42H-AM-1019-02,AM,2018-10-19,Adult,Gray,Ground Plane,,False,False,False,False,False,,False,False,False,False,False,False,False,False
198,-73.959801584280598,40.797352274423702,38A-PM-1013-03,PM,2018-10-13,Adult,Gray,Above Ground,,False,False,False,False,False,,False,False,False,False,False,False,False,False
199,-73.971872910167605,40.770369262137102,7G-PM-1018-05,PM,2018-10-18,Adult,Gray,Ground Plane,,False,False,False,False,False,,False,False,False,False,False,False,False,False
200,-73.963877457954894,40.791353212914800,31A-AM-1010-05,AM,2018-10-10,Adult,Gray,Ground Plane,,False,False,False,False,False,jumping,False,False,False,False,False,False,False,False
201,-73.967953816334102,40.783710369690603,22C-AM-1013-03,AM,2018-10-13,Juvenile,Cinnamon,Ground Plane,,False,False,False,False,False,eating (mushroom),False,False,False,False,False,False,False,False
202,-73.956472410404800,40.793605550816203,36F-PM-1012-04,PM,2018-10-12,Adult,Gray,Ground Plane,,False,False,False,False,False,,False,False,False,False,False,False,False,False
203,-73.977082441225207,40.770996130945697,5C-AM-1006-03,AM,2018-10-06,Adult,Gray,Above Ground,,False,False,False,False,False,,False,False,False,False,False,False,False,False
204,-73.967764618717098,40.774649280633298,13H-PM-1010-05,PM,2018-10-10,Adult,Gray,Ground Plane,,False,False,False,False,False,,False,False,False,False,False,False,False,False
205,-73.971076019686805,40.772550600678898,10F-PM-1019-02,PM,2018-10-19,Juvenile,Gray,Ground Plane,"Behind fence, grass",False,False,False,False,False,,False,False,False,False,False,False,False,False
206,-73.971129849113197,40.767690260354300,5I-PM-1008-01,PM,2018-10-08,Adult,Black,Above Ground,in tree by arsenal - climbing,False,False,False,False,False,,False,False,False,False,False,False,False,False
207,-73.970275580514098,40.778354779522203,16D-PM-1010-13,PM,2018-10-10,Adult,Gray,Ground Plane,,False,False,False,False,False,,False,False,False,False,False,False,False,False
208,-73.963883716034104,40.780974790083299,21G-AM-1014-07,AM,2018-10-14,Adult,Gray,Above Ground,,False,False,False,False,False,,False,False,False,False,False,False,False,False
209,-73.968367485157003,40.783847264481501,22B-PM-1014-05,PM,2018-10-14,,Gray,Ground Plane,,False,False,False,False,False,eating (eats with head tilted far to the right (tooth issue?)),False,False,False,False,False,False,False,False
210,-73.977257656124394,40.767989509396301,3D-AM-1006-08,AM,2018-10-06,Adult,Cinnamon,Ground Plane,,False,False,False,False,False,,False,False,False,False,False,False,False,False
211,-73.951963991880405,40.794991170239200,39H-AM-1007-01,AM,2018-10-07,Adult,Gray,Ground Plane,,False,False,False,False,False,,False,False,False,False,False,False,False,False
212,-73.975427036898395,40.770241150230802,6D-PM-1020-01,PM,2018-10-20,Adult,Gray,Ground Plane,Baseball field,False,False,False,False,False,,False,False,False,False,False,False,False,False
213,-73.971232730851199,40.774870290921797,12E-PM-1018-06,PM,2018-10-18,Juvenile,Cinnamon,Ground Plane,,False,False,False,False,False,,False,False,False,False,False,False,False,False
214,-73.971231871264294,40.777305309965698,14D-PM-1019-04,PM,2018-10-19,Adult,Gray,Ground Plane,,False,False,False,False,False,,False,False,False,False,False,False,False,False
